plant_id,country,group,plant_name,city,brand,year,employees,value_source,selection_basis,extraction_method,pattern,n_distinct_values,sources_present,value_spread,reference_year,lag_years,low_confidence,source_url,snippet,production_volume,models
DE_AUDI_ZWICKAU,Germany,Volkswagen Group,Audi Plant Zwickau,Zwickau,audi,2019,,wiki_backfill_v32_mistral_small,single_source,llm,,1,wiki_de,0,2019,0,Y,https://de.wikipedia.org/wiki/Volkswagen_Sachsen,2019 wurden 16.155 e-Golf produziert.,16155.0,e-Golf
DE_AUDI_ZWICKAU,Germany,Volkswagen Group,Audi Plant Zwickau,Zwickau,audi,2024,,wiki_backfill_v32_mistral_small,single_source,llm,,1,wiki_de,0,2024,0,Y,https://de.wikipedia.org/wiki/Volkswagen_Sachsen,Im Jahr 2024 wurden 204.000 Fahrzeuge produziert.,204000.0,VW ID.3;VW ID.4;VW ID.5;Cupra Born;Audi Q4 e-tron;Audi Q4 Sportback e-tron
DE_BMW_LANDSHUT,Germany,BMW Group,BMW Group Plant Landshut,Landshut,bmw,2024,3700.0,wiki_backfill_v32_mistral_small,single_source,llm,,1,wiki_de,0,2024,0,Y,https://de.wikipedia.org/wiki/BMW_Group_Werk_Landshut,Im BMW-Werk Landshut sind über 3.700 Mitarbeiter (Juli 2024) beschäftigt,,
DE_BMW_REGENSBURG,Germany,BMW Group,BMW Group Plant Regensburg,Regensburg,bmw,2009,,wiki_backfill_v32_mistral_small,single_source,llm,,1,wiki_de,0,2009,0,Y,https://de.wikipedia.org/wiki/BMW_Group_Werk_Regensburg,2009 startete die Fertigung des BMW Z4,,BMW Z4
DE_BMW_REGENSBURG,Germany,BMW Group,BMW Group Plant Regensburg,Regensburg,bmw,2011,,wiki_backfill_v32_mistral_small,single_source,llm,,1,wiki_de,0,2011,0,Y,https://de.wikipedia.org/wiki/BMW_Group_Werk_Regensburg,2010 erfolgten Umbaumaßnahmen im Werk für die im Jahr 2011 gestartete Serienproduktion der 2. Generation des BMW 1ers,,BMW 1er
DE_BMW_REGENSBURG,Germany,BMW Group,BMW Group Plant Regensburg,Regensburg,bmw,2012,,wiki_backfill_v32_mistral_small,single_source,llm,,1,wiki_de,0,2012,0,Y,https://de.wikipedia.org/wiki/BMW_Group_Werk_Regensburg,"Die Produktion der 6. Generation des BMW 3ers sowie umfangreiche Investitionsmaßnahmen in Presswerk, Karosseriebau und Logistik starteten 2012.",,BMW 3er
DE_BMW_REGENSBURG,Germany,BMW Group,BMW Group Plant Regensburg,Regensburg,bmw,2018,,wiki_backfill_v32_mistral_small,single_source,llm,,1,wiki_de,0,2018,0,Y,https://de.wikipedia.org/wiki/BMW_Group_Werk_Regensburg,2018 Start der Produktion des BMW X2,,BMW X2
DE_BMW_REGENSBURG,Germany,BMW Group,BMW Group Plant Regensburg,Regensburg,bmw,2022,,wiki_backfill_v32_mistral_small,single_source,llm,,1,wiki_de,0,2022,0,Y,https://de.wikipedia.org/wiki/BMW_Group_Werk_Regensburg,Im Jahr 2022 stellte das Werk auf die Produktion von Elektrofahrzeugen um und begann mit der Fertigung des BMW BMW iX1,,BMW iX1
DE_BMW_REGENSBURG,Germany,BMW Group,BMW Group Plant Regensburg,Regensburg,bmw,2023,,wiki_backfill_v32_mistral_small,single_source,llm,,1,wiki_de,0,2023,0,Y,https://de.wikipedia.org/wiki/BMW_Group_Werk_Regensburg,2023 folgte die Produktion des neues BMW X2 und des BMW iX2,238301.0,BMW X2;BMW iX2
DE_MERCEDES_BREMEN,Germany,Mercedes-Benz Group,Mercedes-Benz Plant Bremen,Bremen,mercedes,2011,,wiki_backfill_v32_mistral_small,single_source,llm,,1,wiki_de,0,2011,0,Y,https://de.wikipedia.org/wiki/Mercedes-Benz_Werk_Bremen,2011 313.026,313026.0,
DE_MERCEDES_BREMEN,Germany,Mercedes-Benz Group,Mercedes-Benz Plant Bremen,Bremen,mercedes,2012,,wiki_backfill_v32_mistral_small,single_source,llm,,1,wiki_de,0,2012,0,Y,https://de.wikipedia.org/wiki/Mercedes-Benz_Werk_Bremen,2012 316.621,316621.0,
DE_MERCEDES_BREMEN,Germany,Mercedes-Benz Group,Mercedes-Benz Plant Bremen,Bremen,mercedes,2013,,wiki_backfill_v32_mistral_small,single_source,llm,,1,wiki_de,0,2013,0,Y,https://de.wikipedia.org/wiki/Mercedes-Benz_Werk_Bremen,2013 297.406,297406.0,
DE_MERCEDES_BREMEN,Germany,Mercedes-Benz Group,Mercedes-Benz Plant Bremen,Bremen,mercedes,2014,,wiki_backfill_v32_mistral_small,single_source,llm,,1,wiki_de,0,2014,0,Y,https://de.wikipedia.org/wiki/Mercedes-Benz_Werk_Bremen,2014 338.495,338495.0,
DE_MERCEDES_BREMEN,Germany,Mercedes-Benz Group,Mercedes-Benz Plant Bremen,Bremen,mercedes,2015,,wiki_backfill_v32_mistral_small,single_source,llm,,1,wiki_de,0,2015,0,Y,https://de.wikipedia.org/wiki/Mercedes-Benz_Werk_Bremen,2015 324.131,324131.0,
DE_MERCEDES_BREMEN,Germany,Mercedes-Benz Group,Mercedes-Benz Plant Bremen,Bremen,mercedes,2017,12500.0,wiki_backfill_v32_mistral_small,single_source,llm,,1,wiki_de,0,2017,0,Y,https://de.wikipedia.org/wiki/Mercedes-Benz_Werk_Bremen,Personalstand am Standort: > 12.500,,
DE_MERCEDES_BREMEN,Germany,Mercedes-Benz Group,Mercedes-Benz Plant Bremen,Bremen,mercedes,2023,1000.0,wiki_backfill_v32_mistral_small,single_source,llm,,1,wiki_de,0,2023,0,Y,https://de.wikipedia.org/wiki/Mercedes-Benz_Werk_Bremen,Mit über 1000 Beschäftigten (Stand 2023),,
DE_MERCEDES_BREMEN,Germany,Mercedes-Benz Group,Mercedes-Benz Plant Bremen,Bremen,mercedes,2026,,wiki_backfill_v32_mistral_small,single_source,llm,,1,wiki_de,0,2026,0,Y,https://de.wikipedia.org/wiki/Mercedes-Benz_Werk_Bremen,Stand 2026 werden in Bremen folgende Modelle gefertigt: EQE SL GT C-Klasse Limousine C-Klasse T-Modell GLC GLC Coupé GLC mit EQ-Technologie CLE,,EQE;SL;GT;C-Klasse Limousine;C-Klasse T-Modell;GLC;GLC Coupé;GLC mit EQ-Technologie;CLE
DE_MERCEDES_KAMENZ,Germany,Mercedes-Benz Group,"Accumotive GmbH & Co. KG, Kamenz",Kamenz,mercedes,2019,,wiki_backfill_v32_mistral_small,single_source,llm,,1,wiki_de,0,2019,0,Y,https://de.wikipedia.org/wiki/Accumotive,Seit 2019 wurden die Batterien für das Elektroauto Mercedes-Benz EQC von der Accumotive gefertigt,,Mercedes-Benz EQC
DE_MERCEDES_KAMENZ,Germany,Mercedes-Benz Group,"Accumotive GmbH & Co. KG, Kamenz",Kamenz,mercedes,2021,,wiki_backfill_v32_mistral_small,single_source,llm,,1,wiki_de,0,2021,0,Y,https://de.wikipedia.org/wiki/Accumotive,2021 Hochlauf EQA- und EQB-Batterie.,,Mercedes-Benz EQA;Mercedes-Benz EQB
DE_MERCEDES_KAMENZ,Germany,Mercedes-Benz Group,"Accumotive GmbH & Co. KG, Kamenz",Kamenz,mercedes,2023,,wiki_backfill_v32_mistral_small,single_source,llm,,1,wiki_de,0,2023,0,Y,https://de.wikipedia.org/wiki/Accumotive,Mercedes-Benz EQC 2019–2023,,Mercedes-Benz EQC
DE_MERCEDES_KAMENZ,Germany,Mercedes-Benz Group,"Accumotive GmbH & Co. KG, Kamenz",Kamenz,mercedes,2025,,wiki_backfill_v32_mistral_small,single_source,llm,,1,wiki_de,0,2025,0,Y,https://de.wikipedia.org/wiki/Accumotive,Mercedes-Benz CLA seit 2025,,Mercedes-Benz CLA
DE_MERCEDES_KOLLEDA,Germany,Mercedes-Benz Group,"MDC Power GmbH, Kölleda & Arnstadt",Kölleda,mercedes,2026,1200.0,wiki_backfill_v32_mistral_small,single_source,llm,,1,wiki_de,0,2026,0,Y,https://de.wikipedia.org/wiki/MDC_Power,Mitarbeiterzahl 1200,,
DE_VW_BRUNSWICK,Germany,Volkswagen Group,Volkswagen Plant Brunswick,Braunschweig,vw,2020,,wiki_backfill_v32_mistral_small,single_source,llm,,1,wiki_de,0,2020,0,Y,https://de.wikipedia.org/wiki/Vorwerk_Braunschweig,Der Volkswagen e-up! wurde dabei mit den Batteriesystemen aus Braunschweig erfolgreich in Serie gebracht. Im Jahr darauf folgte der e-Golf und 2015 der Passat GTE mit Batteriesystemen aus Braunschweig. Seit 2019 fertigt der Standort auch die Batteriesysteme für die neuen Elektrofahrzeuge des Konzern,,e-up!;e-Golf;Passat GTE;Golf GTE;ID.-Familie;MEB-Fahrzeuge
DE_VW_BRUNSWICK,Germany,Volkswagen Group,Volkswagen Plant Brunswick,Braunschweig,vw,2024,7000.0,wiki_backfill_v32_mistral_small,single_source,llm,,1,wiki_de,0,2024,0,Y,https://de.wikipedia.org/wiki/Vorwerk_Braunschweig,Am Standort werden rund 7000 Mitarbeiter beschäftigt (Stand 2024).,,
DE_VW_CHEMNITZ,Germany,Volkswagen Group,Volkswagen Plant Chemnitz,Chemnitz,vw,2024,10320.0,wiki_backfill_v32_mistral_small,single_source,llm,,1,wiki_de,0,2024,0,Y,https://de.wikipedia.org/wiki/Volkswagen_Sachsen,Im Jahr 2024 wurden 204.000 Fahrzeuge produziert.,204000.0,
DE_VW_DRESDEN,Germany,Volkswagen Group,Volkswagen Plant Dresden,Dresden,vw,2006,,wiki_backfill_v32_mistral_small,single_source,llm,,1,wiki_en,0,2006,0,Y,https://en.wikipedia.org/wiki/Transparent_Factory,"all work was transferred to Bentley's plant in Crewe, England.",,Bentley Continental Flying Spur
DE_VW_DRESDEN,Germany,Volkswagen Group,Volkswagen Plant Dresden,Dresden,vw,2013,,wiki_backfill_v32_mistral_small,single_source,llm,,1,wiki_en,0,2013,0,Y,https://en.wikipedia.org/wiki/Transparent_Factory,Production of the Bentley Flying Spur resumed in late 2013.,,Bentley Continental Flying Spur
DE_VW_DRESDEN,Germany,Volkswagen Group,Volkswagen Plant Dresden,Dresden,vw,2016,,wiki_backfill_v32_mistral_small,single_source,llm,,1,wiki_en,0,2016,0,Y,https://en.wikipedia.org/wiki/Transparent_Factory,All vehicle production at the factory ended in March 2016,,Volkswagen Phaeton
DE_VW_DRESDEN,Germany,Volkswagen Group,Volkswagen Plant Dresden,Dresden,vw,2017,,wiki_backfill_v32_mistral_small,single_source,llm,,1,wiki_en,0,2017,0,Y,https://en.wikipedia.org/wiki/Transparent_Factory,"As of 2017, it produced the electric version of the Golf.",,Volkswagen Golf (electric version)
DE_VW_DRESDEN,Germany,Volkswagen Group,Volkswagen Plant Dresden,Dresden,vw,2018,,wiki_backfill_v32_mistral_small,single_source,llm,,1,wiki_de,0,2018,0,Y,https://de.wikipedia.org/wiki/Gläserne_Manufaktur,"Wegen der hohen Nachfrage wurde ab 2018 wieder im Zwei-Schicht-Betrieb gefertigt, dabei entstanden bis zu 74 e-Golf pro Tag.",,e-Golf
DE_VW_DRESDEN,Germany,Volkswagen Group,Volkswagen Plant Dresden,Dresden,vw,2021,,wiki_backfill_v32_mistral_small,single_source,llm,,1,wiki_en,0,2021,0,Y,https://en.wikipedia.org/wiki/Transparent_Factory,The Volkswagen ID.3 was produced here beginning in January 2021,,Volkswagen ID.3
DE_VW_DRESDEN,Germany,Volkswagen Group,Volkswagen Plant Dresden,Dresden,vw,2025,320.0,wiki_backfill_v32_mistral_small,multi_source_first_wins,llm,,2,wiki_de+wiki_en,0,2025,0,Y,https://de.wikipedia.org/wiki/Gläserne_Manufaktur,Im Frühjahr 2025 waren am Standort 320 Personen beschäftigt. 2025 wurden 3.500 Fahrzeuge an Kunden übergeben.,3500.0,ID.3
ES_VW_NAVARRA,Spain,Volkswagen Group,Volkswagen Navarra Plant Pamplona,Pamplona,vw,2007,,wiki_backfill_v32_mistral_small,single_source,llm,,1,wiki_de,0,2007,0,Y,https://de.wikipedia.org/wiki/VW-Werk_Pamplona,"Im Jahr 2007 stellte Seat auf dem Genfer Automobilsalon eine Studie vor, einen Geländewagen namens Altea Freetrack",,Altea Freetrack
ES_VW_NAVARRA,Spain,Volkswagen Group,Volkswagen Navarra Plant Pamplona,Pamplona,vw,2008,,wiki_backfill_v32_mistral_small,single_source,llm,,1,wiki_de,0,2008,0,Y,https://de.wikipedia.org/wiki/VW-Werk_Pamplona,Seat stellte am 22. Mai 2008 den neuen Seat Ibiza (intern 6J) der Öffentlichkeit vor,,Seat Ibiza
ES_VW_NAVARRA,Spain,Volkswagen Group,Volkswagen Navarra Plant Pamplona,Pamplona,vw,2009,,wiki_backfill_v32_mistral_small,single_source,llm,,1,wiki_de,0,2009,0,Y,https://de.wikipedia.org/wiki/VW-Werk_Pamplona,Seat führte im Jahr 2009 die bereits 2007 angekündigte Limousine auf Basis des von 2004 bis 2008 gebauten Audi A4 ein,,Seat Exeo
ES_VW_NAVARRA,Spain,Volkswagen Group,Volkswagen Navarra Plant Pamplona,Pamplona,vw,2010,,wiki_backfill_v32_mistral_small,single_source,llm,,1,wiki_de,0,2010,0,Y,https://de.wikipedia.org/wiki/VW-Werk_Pamplona,"Auf der IAA in Frankfurt stand der erste Prototyp des Ibiza ST namens IBZ, der Mini-Kombi kam 2010 auf den Markt",,Ibiza ST
ES_VW_NAVARRA,Spain,Volkswagen Group,Volkswagen Navarra Plant Pamplona,Pamplona,vw,2012,,wiki_backfill_v32_mistral_small,single_source,llm,,1,wiki_de,0,2012,0,Y,https://de.wikipedia.org/wiki/VW-Werk_Pamplona,"Während der Ibiza bereits kurz nach der Präsentation bestellbar war, sollte die Markteinführung des auf dem Škoda Rapid basierenden Toledo erst Anfang 2013 stattfinden",,Seat Toledo
ES_VW_NAVARRA,Spain,Volkswagen Group,Volkswagen Navarra Plant Pamplona,Pamplona,vw,2013,,wiki_backfill_v32_mistral_small,single_source,llm,,1,wiki_de,0,2013,0,Y,https://de.wikipedia.org/wiki/VW-Werk_Pamplona,"Zur Senkung der CO2-Emissionen weihte die SEAT S.A. im November 2013 nach drei Jahren Bauzeit einen 27,6 Hektar großen und mit 53.000 Photovoltaik-Paneelen ausgestatteten Solarpark ein. Der Solarpark erstreckt sich über das gesamte Werk in Martorell und vermeidet so den Ausstoß von 7.000 Tonnen Kohl",,Seat Leon ST
ES_VW_NAVARRA,Spain,Volkswagen Group,Volkswagen Navarra Plant Pamplona,Pamplona,vw,2014,,wiki_backfill_v32_mistral_small,single_source,llm,,1,wiki_de,0,2014,0,Y,https://de.wikipedia.org/wiki/VW-Werk_Pamplona,"Auf dem Pariser Autosalon im Oktober feierte Seat den 30. Geburtstag des Ibiza, der 1984 ebenfalls in Paris vorgestellt wurde. Auf Basis des Leon ST wurde in Paris der Allradkombi Leon X-PERIENCE präsentiert. Ein Jahr nach dem Start des neuen Leon Cupra wurde im März 2015 der Seat Leon ST Cupra vorg",,Leon Cupra
ES_VW_NAVARRA,Spain,Volkswagen Group,Volkswagen Navarra Plant Pamplona,Pamplona,vw,2015,,wiki_backfill_v32_mistral_small,single_source,llm,,1,wiki_de,0,2015,0,Y,https://de.wikipedia.org/wiki/VW-Werk_Pamplona,Im November ersetzte der Cupra 290 die bisherige Cupra-280-Version in allen Modellvarianten,,Seat Leon ST Cupra
ES_VW_NAVARRA,Spain,Volkswagen Group,Volkswagen Navarra Plant Pamplona,Pamplona,vw,2016,,wiki_backfill_v32_mistral_small,single_source,llm,,1,wiki_de,0,2016,0,Y,https://de.wikipedia.org/wiki/VW-Werk_Pamplona,"Auf der Bilanz-Pressekonferenz am 24. März 2014 wurde die Entwicklung eines SUV bekanntgegeben, der am 1. März 2016 als Seat Ateca offiziell vorgestellt wurde",,Seat Ateca
ES_VW_NAVARRA,Spain,Volkswagen Group,Volkswagen Navarra Plant Pamplona,Pamplona,vw,2025,,wiki_backfill_v32_mistral_small,single_source,llm,,1,wiki_de,0,2025,0,Y,https://de.wikipedia.org/wiki/VW-Werk_Pamplona,"Unter Wayne Griffiths wurde die Marke Cupra vermarktet und weiterentwickelt. Im Jahre 2021 kam das erste Auto mit reinem Elektroantrieb, der Cupra Born heraus. VW-Vorstand Thomas Schäfer ließ verlauten, dass man zum Ende des Jahrzehnts die Marke Seat beerdigen wolle: „Die Zukunft von Seat ist Cupra“",,Cupra Tavascan
PT_VW_PALMELA,Portugal,Volkswagen Group,Volkswagen AutoEuropa Plant Palmela,Palmela,vw,2008,3000.0,wiki_backfill_v32_mistral_small,multi_source_first_wins,llm,,2,wiki_en+wiki_de,0,2008,0,Y,https://en.wikipedia.org/wiki/Volkswagen_Autoeuropa,"In 2008 the plant started production of the third generation Volkswagen Scirocco, and presently employs 3,000 people on site",94100.0,Volkswagen Eos;Volkswagen Scirocco
PT_VW_PALMELA,Portugal,Volkswagen Group,Volkswagen AutoEuropa Plant Palmela,Palmela,vw,2013,,wiki_backfill_v32_mistral_small,single_source,llm,,1,wiki_en,0,2013,0,Y,https://en.wikipedia.org/wiki/Volkswagen_Autoeuropa,"On July 1, 2013, car number 2,000,000 rolled off the assembly line, a Volkswagen Sharan 2.0 TDI Highline.",91200.0,Volkswagen Eos;Volkswagen Scirocco;Volkswagen Sharan;SEAT Alhambra
PT_VW_PALMELA,Portugal,Volkswagen Group,Volkswagen AutoEuropa Plant Palmela,Palmela,vw,2016,,wiki_backfill_v32_mistral_small,single_source,llm,,1,wiki_en,0,2016,0,Y,https://en.wikipedia.org/wiki/Volkswagen_Autoeuropa,"In December 2016, the plant won the production rights for the new compact crossover, Volkswagen T-Roc.",85126.0,Volkswagen Sharan;SEAT Alhambra;Volkswagen T-Roc
PT_VW_PALMELA,Portugal,Volkswagen Group,Volkswagen AutoEuropa Plant Palmela,Palmela,vw,2017,4377.0,wiki_backfill_v32_mistral_small,single_source,llm,,1,wiki_de,0,2017,0,Y,https://de.wikipedia.org/wiki/Volkswagen_Autoeuropa,Autoeuropa beschäftigte im Jahr 2017 4.377 Personen im Werk,,VW T-Roc
PT_VW_PALMELA,Portugal,Volkswagen Group,Volkswagen AutoEuropa Plant Palmela,Palmela,vw,2018,,wiki_backfill_v32_mistral_small,single_source,llm,,1,wiki_de,0,2018,0,Y,https://de.wikipedia.org/wiki/Volkswagen_Autoeuropa,Die Volkswagen Autoeuropa Lda. stellte 2018 am Produktionsstandort die Modelle Volkswagen T-Roc und Sharan sowie SEAT Alhambra mit einer Jahresstückzahl von insgesamt 223.200 Fahrzeugen her,223200.0,VW T-Roc;VW Sharan;SEAT Alhambra
PT_VW_PALMELA,Portugal,Volkswagen Group,Volkswagen AutoEuropa Plant Palmela,Palmela,vw,2022,4980.0,wiki_backfill_v32_mistral_small,single_source,llm,,1,wiki_en,0,2022,0,Y,https://en.wikipedia.org/wiki/Volkswagen_Autoeuropa,"Number of employees 4,980 (2022)",231100.0,Volkswagen T-Roc
PT_VW_PALMELA,Portugal,Volkswagen Group,Volkswagen AutoEuropa Plant Palmela,Palmela,vw,2023,5000.0,wiki_backfill_v32_mistral_small,single_source,llm,,1,wiki_de,0,2023,0,Y,https://de.wikipedia.org/wiki/Volkswagen_Autoeuropa,Im August 2023 beschäftigte das Werk etwa 5000 Mitarbeiter,,
PT_VW_PALMELA,Portugal,Volkswagen Group,Volkswagen AutoEuropa Plant Palmela,Palmela,vw,2025,,wiki_backfill_v32_mistral_small,single_source,llm,,1,wiki_en,0,2025,0,Y,https://en.wikipedia.org/wiki/Volkswagen_Autoeuropa,AutoEuropa was selected for the production of the 2025 hybrid replacement to the T-Roc,,Volkswagen T-Roc replacement
