plant_id,country,group,plant_name,city,brand,archive_year,registry_url,url_kind,archive_timestamp,archive_url,status,employees,reference_year,ref_year_source,verified_on_page,snippet,pattern,extraction,suspect,source,source_lang,revid,error
BE_AUDI_BRUSSELS,Belgium,Volkswagen Group,Audi Brussels Plant Forest,Brussels,audi,2012,https://en.wikipedia.org/w/index.php?title=Audi_Brussels&oldid=527359016,WIKIPEDIA,2012-12-10T14:51:02Z,https://en.wikipedia.org/w/index.php?title=Audi_Brussels&oldid=527359016,found_wikipedia,4500,2006,stated,Y,"the plant which at this time employed approximately 4,500 or 5,000 people.",llm_rev_en,llm,,revision,en,527359016,
BE_AUDI_BRUSSELS,Belgium,Volkswagen Group,Audi Brussels Plant Forest,Brussels,audi,2017,https://en.wikipedia.org/w/index.php?title=Audi_Brussels&oldid=795963716,WIKIPEDIA,2017-08-17T16:34:44Z,https://en.wikipedia.org/w/index.php?title=Audi_Brussels&oldid=795963716,found_wikipedia,2200,2010,stated,Y,"the Audi A1 and the supportive approach of the Vorst plant workforce would guarantee 2,200 jobs for the ensuing six years",llm_rev_en,llm,,revision,en,795963716,
BE_AUDI_BRUSSELS,Belgium,Volkswagen Group,Audi Brussels Plant Forest,Brussels,audi,2024,https://en.wikipedia.org/w/index.php?title=Audi_Brussels&oldid=1263451038,WIKIPEDIA,2024-12-16T19:10:31Z,https://en.wikipedia.org/w/index.php?title=Audi_Brussels&oldid=1263451038,found_wikipedia,3000,2024,stated,Y,Audi announced plans to dismiss up to 1410 (of 3000) employees in October 2024,llm_rev_en,llm,,revision,en,1263451038,
BE_AUDI_BRUSSELS,Belgium,Volkswagen Group,Audi Brussels Plant Forest,Brussels,audi,2010,https://de.wikipedia.org/w/index.php?title=Audi_Brussels&oldid=82963770,WIKIPEDIA,2010-12-22T18:07:49Z,https://de.wikipedia.org/w/index.php?title=Audi_Brussels&oldid=82963770,found_wikipedia,5000,2006,stated,Y,mehr als 3500 der damals 5000 Arbeitsplätze abgebaut werden sollen.,llm_rev_de,llm,,revision,de,82963770,
BE_AUDI_BRUSSELS,Belgium,Volkswagen Group,Audi Brussels Plant Forest,Brussels,audi,2021,https://de.wikipedia.org/w/index.php?title=Audi_Brussels&oldid=217255318,WIKIPEDIA,2021-11-14T08:15:08Z,https://de.wikipedia.org/w/index.php?title=Audi_Brussels&oldid=217255318,found_wikipedia,3076,2020,stated,Y,Mitarbeiterzahl 3.076 (2020),llm_rev_de,llm,,revision,de,217255318,
BE_AUDI_BRUSSELS,Belgium,Volkswagen Group,Audi Brussels Plant Forest,Brussels,audi,2022,https://fr.wikipedia.org/w/index.php?title=Usine_Audi_Brussels&oldid=199510967,WIKIPEDIA,2022-12-15T11:56:24Z,https://fr.wikipedia.org/w/index.php?title=Usine_Audi_Brussels&oldid=199510967,found_wikipedia,3015,2021,stated,Y,infobox: unité|3015|collaborateurs  (fin 2021),regexllm_rev_fr,regex+llm,,revision,fr,199510967,
BE_AUDI_BRUSSELS,Belgium,Volkswagen Group,Audi Brussels Plant Forest,Brussels,audi,2023,https://fr.wikipedia.org/w/index.php?title=Usine_Audi_Brussels&oldid=204681644,WIKIPEDIA,2023-05-28T12:06:10Z,https://fr.wikipedia.org/w/index.php?title=Usine_Audi_Brussels&oldid=204681644,found_wikipedia,2934,2022,stated,Y,2 934 collaborateurs (fin 2022),llm_rev_fr,llm,,revision,fr,204681644,
DE_BMW_DINGOLFING,Germany,BMW Group,BMW Group Plant Dingolfing,Dingolfing,bmw,2018,https://en.wikipedia.org/w/index.php?title=BMW_Group_Plant_Dingolfing&oldid=876216528,WIKIPEDIA,2018-12-31T22:20:04Z,https://en.wikipedia.org/w/index.php?title=BMW_Group_Plant_Dingolfing&oldid=876216528,found_wikipedia,13000,2018,stated,Y,"320 buses and bring 13,000 employees to Dingolfing.",llm_rev_en,llm,,revision,en,876216528,
DE_BMW_DINGOLFING,Germany,BMW Group,BMW Group Plant Dingolfing,Dingolfing,bmw,2025,https://en.wikipedia.org/w/index.php?title=BMW_Group_Plant_Dingolfing&oldid=1303459860,WIKIPEDIA,2025-07-31T04:17:50Z,https://en.wikipedia.org/w/index.php?title=BMW_Group_Plant_Dingolfing&oldid=1303459860,found_wikipedia,43000,2018,stated,Y,A sophisticated commuter bus system brings employees from all over Lower Bavaria to their workplace in Dingolfing and back home again – with 306 buses on the ro,llm_rev_en,llm,,revision,en,1303459860,
DE_BMW_DINGOLFING,Germany,BMW Group,BMW Group Plant Dingolfing,Dingolfing,bmw,2008,https://de.wikipedia.org/w/index.php?title=BMW_Group_Werk_Dingolfing&oldid=51765261,WIKIPEDIA,2008-10-12T22:20:39Z,https://de.wikipedia.org/w/index.php?title=BMW_Group_Werk_Dingolfing&oldid=51765261,found_wikipedia,20000,2008,revision_year,Y,ca. 20.000 Beschäftigte,llm_rev_de,llm,,revision,de,51765261,
DE_BMW_DINGOLFING,Germany,BMW Group,BMW Group Plant Dingolfing,Dingolfing,bmw,2010,https://de.wikipedia.org/w/index.php?title=BMW_Group_Werk_Dingolfing&oldid=80956846,WIKIPEDIA,2010-10-31T20:54:17Z,https://de.wikipedia.org/w/index.php?title=BMW_Group_Werk_Dingolfing&oldid=80956846,found_wikipedia,20000,2010,revision_year,Y,ca. 20.000 Beschäftigte,llm_rev_de,llm,,revision,de,80956846,
DE_BMW_DINGOLFING,Germany,BMW Group,BMW Group Plant Dingolfing,Dingolfing,bmw,2012,https://de.wikipedia.org/w/index.php?title=BMW_Group_Werk_Dingolfing&oldid=111768388,WIKIPEDIA,2012-12-17T09:32:13Z,https://de.wikipedia.org/w/index.php?title=BMW_Group_Werk_Dingolfing&oldid=111768388,found_wikipedia,18000,2011,stated,Y,18.000 Beschäftigte (Stand 31. Dezember 2011),llm_rev_de,llm,,revision,de,111768388,
DE_BMW_DINGOLFING,Germany,BMW Group,BMW Group Plant Dingolfing,Dingolfing,bmw,2014,https://de.wikipedia.org/w/index.php?title=BMW_Group_Werk_Dingolfing&oldid=136973642,WIKIPEDIA,2014-12-21T09:10:04Z,https://de.wikipedia.org/w/index.php?title=BMW_Group_Werk_Dingolfing&oldid=136973642,found_wikipedia,18500,2012,stated,Y,18.500 Beschäftigte (Stand 31. Dezember 2012),llm_rev_de,llm,,revision,de,136973642,
DE_BMW_DINGOLFING,Germany,BMW Group,BMW Group Plant Dingolfing,Dingolfing,bmw,2018,https://de.wikipedia.org/w/index.php?title=BMW_Group_Werk_Dingolfing&oldid=183997332,WIKIPEDIA,2018-12-24T14:01:56Z,https://de.wikipedia.org/w/index.php?title=BMW_Group_Werk_Dingolfing&oldid=183997332,found_wikipedia,18000,2018,stated,Y,18.000 Beschäftigte 800 Auszubildende (Stand: Juli 2018),llm_rev_de,llm,,revision,de,183997332,
DE_BMW_DINGOLFING,Germany,BMW Group,BMW Group Plant Dingolfing,Dingolfing,bmw,2020,https://de.wikipedia.org/w/index.php?title=BMW_Group_Werk_Dingolfing&oldid=206564990,WIKIPEDIA,2020-12-15T11:21:38Z,https://de.wikipedia.org/w/index.php?title=BMW_Group_Werk_Dingolfing&oldid=206564990,found_wikipedia,18000,2020,stated,Y,Aktuell sind an dem niederbayerischen Standort rund 18.000 Mitarbeiter beschäftigt,llm_rev_de,llm,,revision,de,206564990,
DE_BMW_DINGOLFING,Germany,BMW Group,BMW Group Plant Dingolfing,Dingolfing,bmw,2024,https://de.wikipedia.org/w/index.php?title=BMW_Group_Werk_Dingolfing&oldid=251038829,WIKIPEDIA,2024-12-07T14:56:22Z,https://de.wikipedia.org/w/index.php?title=BMW_Group_Werk_Dingolfing&oldid=251038829,found_wikipedia,17000,2021,stated,Y,Im Juli 2021 waren an dem niederbayerischen Standort rund 17.000 Mitarbeiter beschäftigt.,llm_rev_de,llm,,revision,de,251038829,
DE_BMW_BERLIN,Germany,BMW Group,BMW Group Plant Berlin,Berlin,bmw,2009,https://de.wikipedia.org/w/index.php?title=BMW_Motorrad&oldid=68009183,WIKIPEDIA,2009-12-14T16:20:56Z,https://de.wikipedia.org/w/index.php?title=BMW_Motorrad&oldid=68009183,found_wikipedia,1800,2009,revision_year,Y,wo rund 1800 Mitarbeiter inzwischen täglich bis zu 535 Maschinen fertigen.,llm_rev_de,llm,,revision,de,68009183,
DE_BMW_EISENACH,Germany,BMW Group,BMW Group Plant Eisenach,Eisenach,bmw,2006,https://de.wikipedia.org/w/index.php?title=Automobilwerk_Eisenach&oldid=24736657,WIKIPEDIA,2006-12-06T06:08:04Z,https://de.wikipedia.org/w/index.php?title=Automobilwerk_Eisenach&oldid=24736657,found_wikipedia,1300,2006,revision_year,Y,das schon Ende des 19. Jahrhunderts mit 1.300 Arbeitern zu den Großbetrieben in Thüringen gehörte.,llm_rev_de,llm,,revision,de,24736657,
DE_BMW_EISENACH,Germany,BMW Group,BMW Group Plant Eisenach,Eisenach,bmw,2010,https://de.wikipedia.org/w/index.php?title=Automobilwerk_Eisenach&oldid=82804687,WIKIPEDIA,2010-12-18T15:10:48Z,https://de.wikipedia.org/w/index.php?title=Automobilwerk_Eisenach&oldid=82804687,found_wikipedia,1300,2010,revision_year,Y,Das schon Ende des 19. Jahrhunderts mit 1.300 Arbeitern zu den Großbetrieben in Thüringen gehörte.,llm_rev_de,llm,,revision,de,82804687,
DE_MERCEDES_AFFALTERBACH,Germany,Mercedes-Benz,Mercedes-Benz Plant Affalterbach (AMG),Affalterbach,mercedes,2008,https://en.wikipedia.org/w/index.php?title=Mercedes-AMG&oldid=260941822,WIKIPEDIA,2008-12-30T20:10:10Z,https://en.wikipedia.org/w/index.php?title=Mercedes-AMG&oldid=260941822,found_wikipedia,700,2008,revision_year,Y,infobox: ≈700,regexllm_rev_en,regex+llm,,revision,en,260941822,
DE_MERCEDES_AFFALTERBACH,Germany,Mercedes-Benz,Mercedes-Benz Plant Affalterbach (AMG),Affalterbach,mercedes,2009,https://en.wikipedia.org/w/index.php?title=Mercedes-AMG&oldid=334510003,WIKIPEDIA,2009-12-28T11:43:52Z,https://en.wikipedia.org/w/index.php?title=Mercedes-AMG&oldid=334510003,found_wikipedia,700,2009,revision_year,Y,infobox: ≈700,regexllm_rev_en,regex+llm,,revision,en,334510003,
DE_MERCEDES_AFFALTERBACH,Germany,Mercedes-Benz,Mercedes-Benz Plant Affalterbach (AMG),Affalterbach,mercedes,2010,https://en.wikipedia.org/w/index.php?title=Mercedes-AMG&oldid=404669801,WIKIPEDIA,2010-12-28T17:49:42Z,https://en.wikipedia.org/w/index.php?title=Mercedes-AMG&oldid=404669801,found_wikipedia,700,2010,revision_year,Y,infobox: ≈700,regexllm_rev_en,regex+llm,,revision,en,404669801,
DE_MERCEDES_AFFALTERBACH,Germany,Mercedes-Benz,Mercedes-Benz Plant Affalterbach (AMG),Affalterbach,mercedes,2011,https://en.wikipedia.org/w/index.php?title=Mercedes-AMG&oldid=467815306,WIKIPEDIA,2011-12-26T21:51:25Z,https://en.wikipedia.org/w/index.php?title=Mercedes-AMG&oldid=467815306,found_wikipedia,700,2011,revision_year,Y,infobox: ≈700,regexllm_rev_en,regex+llm,,revision,en,467815306,
DE_MERCEDES_AFFALTERBACH,Germany,Mercedes-Benz,Mercedes-Benz Plant Affalterbach (AMG),Affalterbach,mercedes,2012,https://en.wikipedia.org/w/index.php?title=Mercedes-AMG&oldid=530343835,WIKIPEDIA,2012-12-29T20:15:49Z,https://en.wikipedia.org/w/index.php?title=Mercedes-AMG&oldid=530343835,found_wikipedia,900,2012,revision_year,Y,infobox: ~900,regexllm_rev_en,regex+llm,,revision,en,530343835,
DE_MERCEDES_AFFALTERBACH,Germany,Mercedes-Benz,Mercedes-Benz Plant Affalterbach (AMG),Affalterbach,mercedes,2013,https://en.wikipedia.org/w/index.php?title=Mercedes-AMG&oldid=585959913,WIKIPEDIA,2013-12-13T20:55:22Z,https://en.wikipedia.org/w/index.php?title=Mercedes-AMG&oldid=585959913,found_wikipedia,900,2013,revision_year,Y,infobox: ~900,regexllm_rev_en,regex+llm,,revision,en,585959913,
DE_MERCEDES_AFFALTERBACH,Germany,Mercedes-Benz,Mercedes-Benz Plant Affalterbach (AMG),Affalterbach,mercedes,2014,https://en.wikipedia.org/w/index.php?title=Mercedes-AMG&oldid=639976087,WIKIPEDIA,2014-12-28T18:56:31Z,https://en.wikipedia.org/w/index.php?title=Mercedes-AMG&oldid=639976087,found_wikipedia,900,2014,revision_year,Y,infobox: ~900,regexllm_rev_en,regex+llm,,revision,en,639976087,
DE_MERCEDES_AFFALTERBACH,Germany,Mercedes-Benz,Mercedes-Benz Plant Affalterbach (AMG),Affalterbach,mercedes,2015,https://en.wikipedia.org/w/index.php?title=Mercedes-AMG&oldid=697416338,WIKIPEDIA,2015-12-30T10:32:34Z,https://en.wikipedia.org/w/index.php?title=Mercedes-AMG&oldid=697416338,found_wikipedia,1400,2015,revision_year,Y,infobox: ~1400,regexllm_rev_en,regex+llm,,revision,en,697416338,
DE_MERCEDES_AFFALTERBACH,Germany,Mercedes-Benz,Mercedes-Benz Plant Affalterbach (AMG),Affalterbach,mercedes,2016,https://en.wikipedia.org/w/index.php?title=Mercedes-AMG&oldid=757076336,WIKIPEDIA,2016-12-28T17:00:05Z,https://en.wikipedia.org/w/index.php?title=Mercedes-AMG&oldid=757076336,found_wikipedia,1400,2016,revision_year,Y,infobox: ~1400,regexllm_rev_en,regex+llm,,revision,en,757076336,
DE_MERCEDES_AFFALTERBACH,Germany,Mercedes-Benz,Mercedes-Benz Plant Affalterbach (AMG),Affalterbach,mercedes,2017,https://en.wikipedia.org/w/index.php?title=Mercedes-AMG&oldid=816795648,WIKIPEDIA,2017-12-23T19:19:01Z,https://en.wikipedia.org/w/index.php?title=Mercedes-AMG&oldid=816795648,found_wikipedia,1400,2017,revision_year,Y,infobox: ~1400,regexllm_rev_en,regex+llm,,revision,en,816795648,
DE_MERCEDES_AFFALTERBACH,Germany,Mercedes-Benz,Mercedes-Benz Plant Affalterbach (AMG),Affalterbach,mercedes,2018,https://en.wikipedia.org/w/index.php?title=Mercedes-AMG&oldid=874133820,WIKIPEDIA,2018-12-17T10:14:52Z,https://en.wikipedia.org/w/index.php?title=Mercedes-AMG&oldid=874133820,found_wikipedia,1400,2018,revision_year,Y,infobox: ~1400,regexllm_rev_en,regex+llm,,revision,en,874133820,
DE_MERCEDES_AFFALTERBACH,Germany,Mercedes-Benz,Mercedes-Benz Plant Affalterbach (AMG),Affalterbach,mercedes,2019,https://en.wikipedia.org/w/index.php?title=Mercedes-AMG&oldid=933036386,WIKIPEDIA,2019-12-29T16:50:28Z,https://en.wikipedia.org/w/index.php?title=Mercedes-AMG&oldid=933036386,found_wikipedia,1400,2019,revision_year,Y,"Number of employees ~1,400",llm_rev_en,llm,,revision,en,933036386,
DE_MERCEDES_AFFALTERBACH,Germany,Mercedes-Benz,Mercedes-Benz Plant Affalterbach (AMG),Affalterbach,mercedes,2008,https://de.wikipedia.org/w/index.php?title=Mercedes-AMG&oldid=53573198,WIKIPEDIA,2008-11-29T19:51:20Z,https://de.wikipedia.org/w/index.php?title=Mercedes-AMG&oldid=53573198,found_wikipedia,790,2008,stated,Y,Stand Feb 2008,llm_rev_de,llm,,revision,de,53573198,
DE_MERCEDES_AFFALTERBACH,Germany,Mercedes-Benz,Mercedes-Benz Plant Affalterbach (AMG),Affalterbach,mercedes,2012,https://de.wikipedia.org/w/index.php?title=Mercedes-AMG&oldid=112283084,WIKIPEDIA,2012-12-30T23:13:58Z,https://de.wikipedia.org/w/index.php?title=Mercedes-AMG&oldid=112283084,found_wikipedia,1000,2012,stated,Y,infobox: ~1000 (02/2012),regexllm_rev_de,regex+llm,,revision,de,112283084,
DE_MERCEDES_AFFALTERBACH,Germany,Mercedes-Benz,Mercedes-Benz Plant Affalterbach (AMG),Affalterbach,mercedes,2013,https://de.wikipedia.org/w/index.php?title=Mercedes-AMG&oldid=125870222,WIKIPEDIA,2013-12-28T14:52:17Z,https://de.wikipedia.org/w/index.php?title=Mercedes-AMG&oldid=125870222,found_wikipedia,1200,2013,stated,Y,infobox: ~1200 (10/2013),regexllm_rev_de,regex+llm,,revision,de,125870222,
DE_MERCEDES_AFFALTERBACH,Germany,Mercedes-Benz,Mercedes-Benz Plant Affalterbach (AMG),Affalterbach,mercedes,2018,https://de.wikipedia.org/w/index.php?title=Mercedes-AMG&oldid=183602722,WIKIPEDIA,2018-12-11T11:10:33Z,https://de.wikipedia.org/w/index.php?title=Mercedes-AMG&oldid=183602722,found_wikipedia,1500,2017,stated,Y,Mitarbeiterzahl 1.500 (2017),llm_rev_de,llm,,revision,de,183602722,
DE_MERCEDES_AFFALTERBACH,Germany,Mercedes-Benz,Mercedes-Benz Plant Affalterbach (AMG),Affalterbach,mercedes,2015,https://es.wikipedia.org/w/index.php?title=Mercedes-AMG&oldid=86147832,WIKIPEDIA,2015-10-27T18:02:26Z,https://es.wikipedia.org/w/index.php?title=Mercedes-AMG&oldid=86147832,found_wikipedia,900,2015,revision_year,Y,infobox: ~900,regexllm_rev_es,regex+llm,,revision,es,86147832,
DE_MERCEDES_AFFALTERBACH,Germany,Mercedes-Benz,Mercedes-Benz Plant Affalterbach (AMG),Affalterbach,mercedes,2016,https://es.wikipedia.org/w/index.php?title=Mercedes-AMG&oldid=94720870,WIKIPEDIA,2016-11-01T22:44:14Z,https://es.wikipedia.org/w/index.php?title=Mercedes-AMG&oldid=94720870,found_wikipedia,900,2016,revision_year,Y,infobox: ~900,regexllm_rev_es,regex+llm,,revision,es,94720870,
DE_MERCEDES_AFFALTERBACH,Germany,Mercedes-Benz,Mercedes-Benz Plant Affalterbach (AMG),Affalterbach,mercedes,2017,https://es.wikipedia.org/w/index.php?title=Mercedes-AMG&oldid=103778569,WIKIPEDIA,2017-11-28T20:38:57Z,https://es.wikipedia.org/w/index.php?title=Mercedes-AMG&oldid=103778569,found_wikipedia,900,2017,revision_year,Y,infobox: ~900,regexllm_rev_es,regex+llm,,revision,es,103778569,
DE_MERCEDES_AFFALTERBACH,Germany,Mercedes-Benz,Mercedes-Benz Plant Affalterbach (AMG),Affalterbach,mercedes,2018,https://es.wikipedia.org/w/index.php?title=Mercedes-AMG&oldid=112158825,WIKIPEDIA,2018-11-20T22:33:57Z,https://es.wikipedia.org/w/index.php?title=Mercedes-AMG&oldid=112158825,found_wikipedia,900,2018,revision_year,Y,infobox: ~900,regexllm_rev_es,regex+llm,,revision,es,112158825,
DE_MERCEDES_AFFALTERBACH,Germany,Mercedes-Benz,Mercedes-Benz Plant Affalterbach (AMG),Affalterbach,mercedes,2019,https://es.wikipedia.org/w/index.php?title=Mercedes-AMG&oldid=117182475,WIKIPEDIA,2019-07-05T14:47:21Z,https://es.wikipedia.org/w/index.php?title=Mercedes-AMG&oldid=117182475,found_wikipedia,900,2019,revision_year,Y,infobox: ~900,regexllm_rev_es,regex+llm,,revision,es,117182475,
DE_MERCEDES_AFFALTERBACH,Germany,Mercedes-Benz,Mercedes-Benz Plant Affalterbach (AMG),Affalterbach,mercedes,2020,https://es.wikipedia.org/w/index.php?title=Mercedes-AMG&oldid=128144691,WIKIPEDIA,2020-07-31T04:26:20Z,https://es.wikipedia.org/w/index.php?title=Mercedes-AMG&oldid=128144691,found_wikipedia,900,2020,revision_year,Y,infobox: ~900,regexllm_rev_es,regex+llm,,revision,es,128144691,
DE_MERCEDES_AFFALTERBACH,Germany,Mercedes-Benz,Mercedes-Benz Plant Affalterbach (AMG),Affalterbach,mercedes,2021,https://es.wikipedia.org/w/index.php?title=Mercedes-AMG&oldid=140532175,WIKIPEDIA,2021-12-24T21:03:20Z,https://es.wikipedia.org/w/index.php?title=Mercedes-AMG&oldid=140532175,found_wikipedia,900,2021,revision_year,Y,infobox: ~900,regexllm_rev_es,regex+llm,,revision,es,140532175,
DE_MERCEDES_AFFALTERBACH,Germany,Mercedes-Benz,Mercedes-Benz Plant Affalterbach (AMG),Affalterbach,mercedes,2008,https://fr.wikipedia.org/w/index.php?title=Mercedes-AMG&oldid=35449396,WIKIPEDIA,2008-11-20T22:50:08Z,https://fr.wikipedia.org/w/index.php?title=Mercedes-AMG&oldid=35449396,found_wikipedia,700,2006,stated,Y,"En 2006, AMG employait 700 personnes sur son site Affalterbach.",llm_rev_fr,llm,,revision,fr,35449396,
DE_MERCEDES_AFFALTERBACH,Germany,Mercedes-Benz,Mercedes-Benz Plant Affalterbach (AMG),Affalterbach,mercedes,2021,https://it.wikipedia.org/w/index.php?title=Mercedes-AMG&oldid=123922828,WIKIPEDIA,2021-11-08T06:53:14Z,https://it.wikipedia.org/w/index.php?title=Mercedes-AMG&oldid=123922828,found_wikipedia,63,2017,stated,Y,Ad oggi la fabbrica di Affalterbach conta 63 meccanici addetti all'assemblaggio dei propulsori.,llm_rev_it,llm,,revision,it,123922828,
DE_MERCEDES_BREMEN,Germany,Mercedes-Benz,Mercedes-Benz Plant Bremen,Bremen,mercedes,2023,https://de.wikipedia.org/w/index.php?title=Mercedes-Benz-Werk_Bremen&oldid=240243133,WIKIPEDIA,2023-12-16T17:06:11Z,https://de.wikipedia.org/w/index.php?title=Mercedes-Benz-Werk_Bremen&oldid=240243133,found_wikipedia,12500,2017,stated,Y,Personalstand am Standort: > 12.500 (Stand: 31. Dezember 2017),llm_rev_de,llm,,revision,de,240243133,
DE_MERCEDES_DUSSELDORF,Germany,Mercedes-Benz,Mercedes-Benz Plant Düsseldorf,Düsseldorf,mercedes,2017,https://de.wikipedia.org/w/index.php?title=Mercedes-Benz_Sprinter&oldid=171764354,WIKIPEDIA,2017-12-07T22:12:44Z,https://de.wikipedia.org/w/index.php?title=Mercedes-Benz_Sprinter&oldid=171764354,found_wikipedia,25000,2013,stated,Y,ab Mitte 2013 jährlich bis zu 25.000 Einheiten des Sprinter T1N von Gorkowski Awtomobilny Sawod in deren Hauptwerk für den russischen Markt bauen zu lassen.,llm_rev_de,llm,,revision,de,171764354,
DE_MERCEDES_LUDWIGSFELDE,Germany,Mercedes-Benz,Mercedes-Benz Plant Ludwigsfelde,Ludwigsfelde,mercedes,2017,https://de.wikipedia.org/w/index.php?title=Mercedes-Benz_Sprinter&oldid=171764354,WIKIPEDIA,2017-12-07T22:12:44Z,https://de.wikipedia.org/w/index.php?title=Mercedes-Benz_Sprinter&oldid=171764354,found_wikipedia,25000,2013,stated,Y,ab Mitte 2013 jährlich bis zu 25.000 Einheiten des Sprinter T1N von Gorkowski Awtomobilny Sawod in deren Hauptwerk für den russischen Markt bauen zu lassen.,llm_rev_de,llm,,revision,de,171764354,
DE_MERCEDES_RASTATT,Germany,Mercedes-Benz,Mercedes-Benz Plant Rastatt,Rastatt,mercedes,2010,https://fr.wikipedia.org/w/index.php?title=Rastatt&oldid=60371707,WIKIPEDIA,2010-12-19T15:37:46Z,https://fr.wikipedia.org/w/index.php?title=Rastatt&oldid=60371707,found_wikipedia,5515,2010,revision_year,Y,"Le principal employeur est le constructeur automobile Daimler AG, avec 5.515 personnes.",llm_rev_fr,llm,,revision,fr,60371707,
DE_VW_CHEMNITZ,Germany,Volkswagen Group,Volkswagen Plant Chemnitz,Chemnitz,vw,2008,https://de.wikipedia.org/w/index.php?title=Volkswagenwerk_Zwickau&oldid=54435048,WIKIPEDIA,2008-12-22T13:31:12Z,https://de.wikipedia.org/w/index.php?title=Volkswagenwerk_Zwickau&oldid=54435048,found_wikipedia,6200,2007,stated,Y,"In the year 2007, around 6200 employees produced 277,000 vehicles of the types Golf and Passat.",llm_rev_de,llm,,revision,de,54435048,
DE_VW_CHEMNITZ,Germany,Volkswagen Group,Volkswagen Plant Chemnitz,Chemnitz,vw,2012,https://de.wikipedia.org/w/index.php?title=Volkswagenwerk_Zwickau&oldid=111270408,WIKIPEDIA,2012-12-04T09:29:56Z,https://de.wikipedia.org/w/index.php?title=Volkswagenwerk_Zwickau&oldid=111270408,found_wikipedia,6200,2010,stated,Y,Im Jahr 2010 hatte das Werk Zwickau 6200 Mitarbeiter.,llm_rev_de,llm,,revision,de,111270408,
DE_PORSCHE_ZUFFENHAUSEN,Germany,Volkswagen Group,Porsche Plant Stuttgart-Zuffenhausen,Stuttgart,porsche,2008,https://en.wikipedia.org/w/index.php?title=Porsche&oldid=260453745,WIKIPEDIA,2008-12-28T07:03:06Z,https://en.wikipedia.org/w/index.php?title=Porsche&oldid=260453745,found_wikipedia,11910,2008,revision_year,Y,"infobox: 11,910",regexllm_rev_en,regex+llm,,revision,en,260453745,
DE_PORSCHE_ZUFFENHAUSEN,Germany,Volkswagen Group,Porsche Plant Stuttgart-Zuffenhausen,Stuttgart,porsche,2008,https://en.wikipedia.org/w/index.php?title=Porsche&oldid=260453745,WIKIPEDIA,2008-12-28T07:03:06Z,https://en.wikipedia.org/w/index.php?title=Porsche&oldid=260453745,found_wikipedia,11910,2021,stated,Y,"Number of employees | 11,910",llm_rev_en,llm,,revision,en,260453745,
DE_PORSCHE_ZUFFENHAUSEN,Germany,Volkswagen Group,Porsche Plant Stuttgart-Zuffenhausen,Stuttgart,porsche,2009,https://en.wikipedia.org/w/index.php?title=Porsche&oldid=334326869,WIKIPEDIA,2009-12-27T18:43:23Z,https://en.wikipedia.org/w/index.php?title=Porsche&oldid=334326869,found_wikipedia,11910,2009,revision_year,Y,"infobox: 11,910",regexllm_rev_en,regex+llm,,revision,en,334326869,
DE_PORSCHE_ZUFFENHAUSEN,Germany,Volkswagen Group,Porsche Plant Stuttgart-Zuffenhausen,Stuttgart,porsche,2010,https://en.wikipedia.org/w/index.php?title=Porsche&oldid=403738538,WIKIPEDIA,2010-12-22T18:21:53Z,https://en.wikipedia.org/w/index.php?title=Porsche&oldid=403738538,found_wikipedia,11910,2010,revision_year,Y,"infobox: 11,910",regexllm_rev_en,regex+llm,,revision,en,403738538,
DE_PORSCHE_ZUFFENHAUSEN,Germany,Volkswagen Group,Porsche Plant Stuttgart-Zuffenhausen,Stuttgart,porsche,2010,https://en.wikipedia.org/w/index.php?title=Porsche&oldid=403738538,WIKIPEDIA,2010-12-22T18:21:53Z,https://en.wikipedia.org/w/index.php?title=Porsche&oldid=403738538,found_wikipedia,11910,2006,stated,Y,"Number of employees | 11,910",llm_rev_en,llm,,revision,en,403738538,
DE_PORSCHE_ZUFFENHAUSEN,Germany,Volkswagen Group,Porsche Plant Stuttgart-Zuffenhausen,Stuttgart,porsche,2012,https://en.wikipedia.org/w/index.php?title=Porsche&oldid=530445054,WIKIPEDIA,2012-12-30T12:54:19Z,https://en.wikipedia.org/w/index.php?title=Porsche&oldid=530445054,found_wikipedia,15307,2012,stated,Y,"infobox: 15,307 (2012)",regexllm_rev_en,regex+llm,,revision,en,530445054,
DE_PORSCHE_ZUFFENHAUSEN,Germany,Volkswagen Group,Porsche Plant Stuttgart-Zuffenhausen,Stuttgart,porsche,2013,https://en.wikipedia.org/w/index.php?title=Porsche&oldid=587712227,WIKIPEDIA,2013-12-26T07:10:57Z,https://en.wikipedia.org/w/index.php?title=Porsche&oldid=587712227,found_wikipedia,17502,2012,stated,Y,"infobox: 17,502 (2012 fiscal year)",regexllm_rev_en,regex+llm,,revision,en,587712227,
DE_PORSCHE_ZUFFENHAUSEN,Germany,Volkswagen Group,Porsche Plant Stuttgart-Zuffenhausen,Stuttgart,porsche,2014,https://en.wikipedia.org/w/index.php?title=Porsche&oldid=640074152,WIKIPEDIA,2014-12-29T10:43:13Z,https://en.wikipedia.org/w/index.php?title=Porsche&oldid=640074152,found_wikipedia,19456,2013,stated,Y,"Number of employees | 19,456 (2013 annual report)",llm_rev_en,llm,,revision,en,640074152,
DE_PORSCHE_ZUFFENHAUSEN,Germany,Volkswagen Group,Porsche Plant Stuttgart-Zuffenhausen,Stuttgart,porsche,2016,https://en.wikipedia.org/w/index.php?title=Porsche&oldid=757233010,WIKIPEDIA,2016-12-29T15:37:11Z,https://en.wikipedia.org/w/index.php?title=Porsche&oldid=757233010,found_wikipedia,24481,2015,stated,Y,"Number of employees | 24,481 (2015 annual report)",llm_rev_en,llm,,revision,en,757233010,
DE_PORSCHE_ZUFFENHAUSEN,Germany,Volkswagen Group,Porsche Plant Stuttgart-Zuffenhausen,Stuttgart,porsche,2022,https://en.wikipedia.org/w/index.php?title=Porsche&oldid=1127959448,WIKIPEDIA,2022-12-17T16:40:18Z,https://en.wikipedia.org/w/index.php?title=Porsche&oldid=1127959448,found_wikipedia,36996,2021,stated,Y,"Number of employees | 36,996 (2021)",llm_rev_en,llm,,revision,en,1127959448,
DE_PORSCHE_ZUFFENHAUSEN,Germany,Volkswagen Group,Porsche Plant Stuttgart-Zuffenhausen,Stuttgart,porsche,2024,https://en.wikipedia.org/w/index.php?title=Porsche&oldid=1263867197,WIKIPEDIA,2024-12-19T02:51:19Z,https://en.wikipedia.org/w/index.php?title=Porsche&oldid=1263867197,found_wikipedia,39162,2022,stated,Y,"Number of employees | 39,162 (2022)",llm_rev_en,llm,,revision,en,1263867197,
DE_PORSCHE_ZUFFENHAUSEN,Germany,Volkswagen Group,Porsche Plant Stuttgart-Zuffenhausen,Stuttgart,porsche,2026,https://en.wikipedia.org/w/index.php?title=Porsche&oldid=1359832487,WIKIPEDIA,2026-06-17T14:02:10Z,https://en.wikipedia.org/w/index.php?title=Porsche&oldid=1359832487,found_wikipedia,42615,2024,stated,Y,"Number of employees | 42,615 (2024)",llm_rev_en,llm,,revision,en,1359832487,
DE_PORSCHE_ZUFFENHAUSEN,Germany,Volkswagen Group,Porsche Plant Stuttgart-Zuffenhausen,Stuttgart,porsche,2008,https://de.wikipedia.org/w/index.php?title=Porsche&oldid=54549115,WIKIPEDIA,2008-12-25T23:30:18Z,https://de.wikipedia.org/w/index.php?title=Porsche&oldid=54549115,found_wikipedia,12202,2007,stated,Y,Mitarbeiterzahl 12.202 (Gj. 2007/2008),llm_rev_de,llm,,revision,de,54549115,
DE_PORSCHE_ZUFFENHAUSEN,Germany,Volkswagen Group,Porsche Plant Stuttgart-Zuffenhausen,Stuttgart,porsche,2010,https://de.wikipedia.org/w/index.php?title=Porsche&oldid=83239908,WIKIPEDIA,2010-12-30T16:39:27Z,https://de.wikipedia.org/w/index.php?title=Porsche&oldid=83239908,found_wikipedia,8478,2008,stated,Y,Mitarbeiterzahl 8.478 (Gj. 2007/2008),llm_rev_de,llm,,revision,de,83239908,
DE_PORSCHE_ZUFFENHAUSEN,Germany,Volkswagen Group,Porsche Plant Stuttgart-Zuffenhausen,Stuttgart,porsche,2015,https://de.wikipedia.org/w/index.php?title=Porsche&oldid=149381841,WIKIPEDIA,2015-12-24T05:40:12Z,https://de.wikipedia.org/w/index.php?title=Porsche&oldid=149381841,found_wikipedia,22401,2014,stated,Y,infobox: 22.401 (31. Dezember 2014)  Internetquelle |url=http://files2.porsche.com/filestore.aspx/Gesch%c3%a4ftsbericht-2014.pdf?pool=germany&type=download&id=,regexllm_rev_de,regex+llm,,revision,de,149381841,
DE_PORSCHE_ZUFFENHAUSEN,Germany,Volkswagen Group,Porsche Plant Stuttgart-Zuffenhausen,Stuttgart,porsche,2018,https://de.wikipedia.org/w/index.php?title=Porsche&oldid=183767739,WIKIPEDIA,2018-12-16T22:05:26Z,https://de.wikipedia.org/w/index.php?title=Porsche&oldid=183767739,found_wikipedia,29777,2017,stated,Y,Mitarbeiterzahl 29.777 (2017),llm_rev_de,llm,,revision,de,183767739,
DE_PORSCHE_ZUFFENHAUSEN,Germany,Volkswagen Group,Porsche Plant Stuttgart-Zuffenhausen,Stuttgart,porsche,2020,https://de.wikipedia.org/w/index.php?title=Porsche&oldid=206850296,WIKIPEDIA,2020-12-24T13:32:00Z,https://de.wikipedia.org/w/index.php?title=Porsche&oldid=206850296,found_wikipedia,35429,2019,stated,Y,Mitarbeiterzahl 35.429 (2019),llm_rev_de,llm,,revision,de,206850296,
DE_PORSCHE_ZUFFENHAUSEN,Germany,Volkswagen Group,Porsche Plant Stuttgart-Zuffenhausen,Stuttgart,porsche,2008,https://es.wikipedia.org/w/index.php?title=Porsche&oldid=22684912,WIKIPEDIA,2008-12-18T12:43:48Z,https://es.wikipedia.org/w/index.php?title=Porsche&oldid=22684912,found_wikipedia,36996,2008,revision_year,Y,Empleados: 36996,llm_rev_es,llm,,revision,es,22684912,
DE_PORSCHE_ZUFFENHAUSEN,Germany,Volkswagen Group,Porsche Plant Stuttgart-Zuffenhausen,Stuttgart,porsche,2011,https://es.wikipedia.org/w/index.php?title=Porsche&oldid=52508753,WIKIPEDIA,2011-12-27T16:53:33Z,https://es.wikipedia.org/w/index.php?title=Porsche&oldid=52508753,found_wikipedia,11910,2011,revision_year,Y,infobox: 11.910,regexllm_rev_es,regex+llm,,revision,es,52508753,
DE_PORSCHE_ZUFFENHAUSEN,Germany,Volkswagen Group,Porsche Plant Stuttgart-Zuffenhausen,Stuttgart,porsche,2012,https://es.wikipedia.org/w/index.php?title=Porsche&oldid=62402746,WIKIPEDIA,2012-12-22T17:46:27Z,https://es.wikipedia.org/w/index.php?title=Porsche&oldid=62402746,found_wikipedia,11910,2012,revision_year,Y,infobox: 11.910,regexllm_rev_es,regex+llm,,revision,es,62402746,
DE_PORSCHE_ZUFFENHAUSEN,Germany,Volkswagen Group,Porsche Plant Stuttgart-Zuffenhausen,Stuttgart,porsche,2013,https://es.wikipedia.org/w/index.php?title=Porsche&oldid=71147297,WIKIPEDIA,2013-12-03T15:46:56Z,https://es.wikipedia.org/w/index.php?title=Porsche&oldid=71147297,found_wikipedia,11910,2013,revision_year,Y,infobox: 11.910,regexllm_rev_es,regex+llm,,revision,es,71147297,
DE_PORSCHE_ZUFFENHAUSEN,Germany,Volkswagen Group,Porsche Plant Stuttgart-Zuffenhausen,Stuttgart,porsche,2014,https://es.wikipedia.org/w/index.php?title=Porsche&oldid=78452173,WIKIPEDIA,2014-11-30T00:49:05Z,https://es.wikipedia.org/w/index.php?title=Porsche&oldid=78452173,found_wikipedia,11910,2014,revision_year,Y,infobox: 11.910,regexllm_rev_es,regex+llm,,revision,es,78452173,
DE_PORSCHE_ZUFFENHAUSEN,Germany,Volkswagen Group,Porsche Plant Stuttgart-Zuffenhausen,Stuttgart,porsche,2018,https://es.wikipedia.org/w/index.php?title=Porsche&oldid=112812021,WIKIPEDIA,2018-12-21T23:58:10Z,https://es.wikipedia.org/w/index.php?title=Porsche&oldid=112812021,found_wikipedia,12000,2018,revision_year,Y,Empleados | 12.000,llm_rev_es,llm,,revision,es,112812021,
DE_PORSCHE_ZUFFENHAUSEN,Germany,Volkswagen Group,Porsche Plant Stuttgart-Zuffenhausen,Stuttgart,porsche,2020,https://es.wikipedia.org/w/index.php?title=Porsche&oldid=131954719,WIKIPEDIA,2020-12-26T01:04:03Z,https://es.wikipedia.org/w/index.php?title=Porsche&oldid=131954719,found_wikipedia,12000,2020,revision_year,Y,Empleados: 12.000,llm_rev_es,llm,,revision,es,131954719,
DE_PORSCHE_ZUFFENHAUSEN,Germany,Volkswagen Group,Porsche Plant Stuttgart-Zuffenhausen,Stuttgart,porsche,2022,https://es.wikipedia.org/w/index.php?title=Porsche&oldid=147509752,WIKIPEDIA,2022-11-23T15:06:11Z,https://es.wikipedia.org/w/index.php?title=Porsche&oldid=147509752,found_wikipedia,36996,2022,revision_year,Y,infobox: Unidad|36996|personas,regexllm_rev_es,regex+llm,,revision,es,147509752,
DE_PORSCHE_ZUFFENHAUSEN,Germany,Volkswagen Group,Porsche Plant Stuttgart-Zuffenhausen,Stuttgart,porsche,2026,https://es.wikipedia.org/w/index.php?title=Porsche&oldid=173862679,WIKIPEDIA,2026-06-09T09:28:22Z,https://es.wikipedia.org/w/index.php?title=Porsche&oldid=173862679,found_wikipedia,36996,2026,revision_year,Y,Empleados,llm_rev_es,llm,,revision,es,173862679,
DE_PORSCHE_ZUFFENHAUSEN,Germany,Volkswagen Group,Porsche Plant Stuttgart-Zuffenhausen,Stuttgart,porsche,2007,https://fr.wikipedia.org/w/index.php?title=Porsche&oldid=23420730,WIKIPEDIA,2007-11-26T08:36:12Z,https://fr.wikipedia.org/w/index.php?title=Porsche&oldid=23420730,found_wikipedia,11384,2007,revision_year,Y,infobox: 11 384 (31/07/06),regexllm_rev_fr,regex+llm,,revision,fr,23420730,
DE_PORSCHE_ZUFFENHAUSEN,Germany,Volkswagen Group,Porsche Plant Stuttgart-Zuffenhausen,Stuttgart,porsche,2008,https://fr.wikipedia.org/w/index.php?title=Porsche&oldid=36565038,WIKIPEDIA,2008-12-30T08:27:04Z,https://fr.wikipedia.org/w/index.php?title=Porsche&oldid=36565038,found_wikipedia,11384,2008,revision_year,Y,infobox: 11 384 (31/07/06),regexllm_rev_fr,regex+llm,,revision,fr,36565038,
DE_PORSCHE_ZUFFENHAUSEN,Germany,Volkswagen Group,Porsche Plant Stuttgart-Zuffenhausen,Stuttgart,porsche,2008,https://fr.wikipedia.org/w/index.php?title=Porsche&oldid=36565038,WIKIPEDIA,2008-12-30T08:27:04Z,https://fr.wikipedia.org/w/index.php?title=Porsche&oldid=36565038,found_wikipedia,11384,2006,stated,Y,"Au 31 décembre 2006, la société employait 11 384 salariés.",llm_rev_fr,llm,,revision,fr,36565038,
DE_PORSCHE_ZUFFENHAUSEN,Germany,Volkswagen Group,Porsche Plant Stuttgart-Zuffenhausen,Stuttgart,porsche,2010,https://fr.wikipedia.org/w/index.php?title=Porsche&oldid=60789086,WIKIPEDIA,2010-12-31T19:46:19Z,https://fr.wikipedia.org/w/index.php?title=Porsche&oldid=60789086,found_wikipedia,12774,2009,stated,Y,"Au 1er trimestre 2009, la société employait 12 774 salariés.",llm_rev_fr,llm,,revision,fr,60789086,
DE_PORSCHE_ZUFFENHAUSEN,Germany,Volkswagen Group,Porsche Plant Stuttgart-Zuffenhausen,Stuttgart,porsche,2012,https://fr.wikipedia.org/w/index.php?title=Porsche&oldid=87028011,WIKIPEDIA,2012-12-29T11:51:44Z,https://fr.wikipedia.org/w/index.php?title=Porsche&oldid=87028011,found_wikipedia,17000,2012,stated,Y,Les principales usines du constructeur sont situées à Leipzig et à Zuffenhausen et comptent plus de 17000 salariés en 2012.,llm_rev_fr,llm,,revision,fr,87028011,
DE_PORSCHE_ZUFFENHAUSEN,Germany,Volkswagen Group,Porsche Plant Stuttgart-Zuffenhausen,Stuttgart,porsche,2020,https://fr.wikipedia.org/w/index.php?title=Porsche&oldid=178109784,WIKIPEDIA,2020-12-27T17:17:52Z,https://fr.wikipedia.org/w/index.php?title=Porsche&oldid=178109784,found_wikipedia,30000,2018,stated,Y,Effectif 30 000 (2018),llm_rev_fr,llm,,revision,fr,178109784,
DE_PORSCHE_ZUFFENHAUSEN,Germany,Volkswagen Group,Porsche Plant Stuttgart-Zuffenhausen,Stuttgart,porsche,2012,https://it.wikipedia.org/w/index.php?title=Porsche&oldid=54997596,WIKIPEDIA,2012-12-30T10:19:50Z,https://it.wikipedia.org/w/index.php?title=Porsche&oldid=54997596,found_wikipedia,11668,2023,stated,Y,Dipendenti | 11.668,llm_rev_it,llm,,revision,it,54997596,
DE_PORSCHE_ZUFFENHAUSEN,Germany,Volkswagen Group,Porsche Plant Stuttgart-Zuffenhausen,Stuttgart,porsche,2018,https://it.wikipedia.org/w/index.php?title=Porsche&oldid=100317003,WIKIPEDIA,2018-10-13T15:51:20Z,https://it.wikipedia.org/w/index.php?title=Porsche&oldid=100317003,found_wikipedia,27000,2018,stated,Y,"Dipendenti ca. 27,000 (2018)",llm_rev_it,llm,,revision,it,100317003,
DE_VW_DRESDEN,Germany,Volkswagen Group,Volkswagen Plant Dresden,Dresden,vw,2024,https://en.wikipedia.org/w/index.php?title=Volkswagen_Phaeton&oldid=1266325695,WIKIPEDIA,2024-12-31T02:57:23Z,https://en.wikipedia.org/w/index.php?title=Volkswagen_Phaeton&oldid=1266325695,found_wikipedia,35000,2006,stated,Y,"This factory had a capacity of producing 20,000 vehicles a year, and was planned to expand to 35,000 vehicles a year.",llm_rev_en,llm,,revision,en,1266325695,
DE_VW_WOLFSBURG,Germany,Volkswagen Group,Volkswagen Plant Wolfsburg,Wolfsburg,vw,2008,https://de.wikipedia.org/w/index.php?title=Volkswagenwerk_Wolfsburg&oldid=54222735,WIKIPEDIA,2008-12-16T23:25:15Z,https://de.wikipedia.org/w/index.php?title=Volkswagenwerk_Wolfsburg&oldid=54222735,found_wikipedia,49300,2007,stated,Y,Im Jahr 2007 arbeiteten insgesamt rund 49.300 Beschäftigte im Werk.,llm_rev_de,llm,,revision,de,54222735,
DE_VW_WOLFSBURG,Germany,Volkswagen Group,Volkswagen Plant Wolfsburg,Wolfsburg,vw,2010,https://de.wikipedia.org/w/index.php?title=Volkswagenwerk_Wolfsburg&oldid=80089798,WIKIPEDIA,2010-10-09T19:21:34Z,https://de.wikipedia.org/w/index.php?title=Volkswagenwerk_Wolfsburg&oldid=80089798,found_wikipedia,50000,2009,stated,Y,Am Jahresende 2009 waren im Werk Wolfsburg 50.000 VW-Mitarbeiter beschäftigt.,llm_rev_de,llm,,revision,de,80089798,
DE_VW_WOLFSBURG,Germany,Volkswagen Group,Volkswagen Plant Wolfsburg,Wolfsburg,vw,2012,https://de.wikipedia.org/w/index.php?title=Volkswagenwerk_Wolfsburg&oldid=110684194,WIKIPEDIA,2012-11-19T13:59:24Z,https://de.wikipedia.org/w/index.php?title=Volkswagenwerk_Wolfsburg&oldid=110684194,found_wikipedia,53500,2011,stated,Y,Am Jahresende 2011 waren im Werk Wolfsburg über 53.500 Menschen beschäftigt,llm_rev_de,llm,,revision,de,110684194,
DE_VW_WOLFSBURG,Germany,Volkswagen Group,Volkswagen Plant Wolfsburg,Wolfsburg,vw,2016,https://de.wikipedia.org/w/index.php?title=Volkswagenwerk_Wolfsburg&oldid=159360140,WIKIPEDIA,2016-11-04T09:03:28Z,https://de.wikipedia.org/w/index.php?title=Volkswagenwerk_Wolfsburg&oldid=159360140,found_wikipedia,57700,2013,stated,Y,Am Jahresende 2013 waren in dem Werk über 57.700 Menschen beschäftigt,llm_rev_de,llm,,revision,de,159360140,
DE_VW_ZWICKAU,Germany,Volkswagen Group,Volkswagen Plant Zwickau,Zwickau,vw,2008,https://de.wikipedia.org/w/index.php?title=Volkswagenwerk_Zwickau&oldid=54435048,WIKIPEDIA,2008-12-22T13:31:12Z,https://de.wikipedia.org/w/index.php?title=Volkswagenwerk_Zwickau&oldid=54435048,found_wikipedia,6200,2007,stated,Y,"In the year 2007, around 6200 employees produced 277,000 vehicles of the types Golf and Passat.",llm_rev_de,llm,,revision,de,54435048,
DE_VW_ZWICKAU,Germany,Volkswagen Group,Volkswagen Plant Zwickau,Zwickau,vw,2012,https://de.wikipedia.org/w/index.php?title=Volkswagenwerk_Zwickau&oldid=111270408,WIKIPEDIA,2012-12-04T09:29:56Z,https://de.wikipedia.org/w/index.php?title=Volkswagenwerk_Zwickau&oldid=111270408,found_wikipedia,6200,2010,stated,Y,Im Jahr 2010 hatte das Werk Zwickau 6200 Mitarbeiter.,llm_rev_de,llm,,revision,de,111270408,
HU_AUDI_GYOR,Hungary,Volkswagen Group,Audi Hungaria Plant Győr,Győr,audi,2019,https://de.wikipedia.org/w/index.php?title=Audi_Hungaria&oldid=195037199,WIKIPEDIA,2019-12-19T12:15:37Z,https://de.wikipedia.org/w/index.php?title=Audi_Hungaria&oldid=195037199,found_wikipedia,11274,2014,stated,Y,2014 | 135.232 | 1.973.734 | 11.274,llm_rev_de,llm,,revision,de,195037199,
HU_AUDI_GYOR,Hungary,Volkswagen Group,Audi Hungaria Plant Győr,Győr,audi,2022,https://de.wikipedia.org/w/index.php?title=Audi_Hungaria&oldid=228795367,WIKIPEDIA,2022-12-12T16:49:26Z,https://de.wikipedia.org/w/index.php?title=Audi_Hungaria&oldid=228795367,found_wikipedia,11983,2021,stated,Y,"In 2021, Audi Hungaria had 11,983 employees.",llm_rev_de,llm,,revision,de,228795367,
HU_AUDI_GYOR,Hungary,Volkswagen Group,Audi Hungaria Plant Győr,Győr,audi,2022,https://de.wikipedia.org/w/index.php?title=Audi_Hungaria&oldid=228795367,WIKIPEDIA,2022-12-12T16:49:26Z,https://de.wikipedia.org/w/index.php?title=Audi_Hungaria&oldid=228795367,found_wikipedia,12226,2020,stated,Y,"In 2020, Audi Hungaria had 12,226 employees.",llm_rev_de,llm,,revision,de,228795367,
HU_AUDI_GYOR,Hungary,Volkswagen Group,Audi Hungaria Plant Győr,Győr,audi,2010,https://hu.wikipedia.org/w/index.php?title=Audi_Hungaria_Zrt.&oldid=8669613,WIKIPEDIA,2010-10-22T11:51:15Z,https://hu.wikipedia.org/w/index.php?title=Audi_Hungaria_Zrt.&oldid=8669613,found_wikipedia,5624,2009,stated,Y,infobox: 5624 (2009),regexllm_rev_hu,regex+llm,,revision,hu,8669613,
HU_AUDI_GYOR,Hungary,Volkswagen Group,Audi Hungaria Plant Győr,Győr,audi,2012,https://hu.wikipedia.org/w/index.php?title=Audi_Hungaria_Zrt.&oldid=12679991,WIKIPEDIA,2012-12-01T18:49:21Z,https://hu.wikipedia.org/w/index.php?title=Audi_Hungaria_Zrt.&oldid=12679991,found_wikipedia,7322,2011,stated,Y,infobox: 7322 (2011)   6138 (2010)    5624 (2009),regexllm_rev_hu,regex+llm,,revision,hu,12679991,
ES_VW_NAVARRA,Spain,Volkswagen Group,Volkswagen Navarra Plant Pamplona,Pamplona,vw,2020,https://en.wikipedia.org/w/index.php?title=Volkswagen_Taigo&oldid=995216661,WIKIPEDIA,2020-12-19T21:19:21Z,https://en.wikipedia.org/w/index.php?title=Volkswagen_Taigo&oldid=995216661,found_wikipedia,30,2020,stated,Y,about 30 people from the Spanish team are involved in the Nivus project,llm_rev_en,llm,,revision,en,995216661,
PL_VWN_WRZESNIA,Poland,Volkswagen Group,Volkswagen Września Plant,Września,vw,2012,https://en.wikipedia.org/w/index.php?title=Volkswagen_Commercial_Vehicles&oldid=521061062,WIKIPEDIA,2012-11-02T15:05:25Z,https://en.wikipedia.org/w/index.php?title=Volkswagen_Commercial_Vehicles&oldid=521061062,found_wikipedia,19400,2006,stated,Y,"Number of employees | 19,400 (2006)",llm_rev_en,llm,,revision,en,521061062,
PL_VWN_WRZESNIA,Poland,Volkswagen Group,Volkswagen Września Plant,Września,vw,2022,https://de.wikipedia.org/w/index.php?title=Volkswagen_Nutzfahrzeuge&oldid=225730988,WIKIPEDIA,2022-08-29T09:14:46Z,https://de.wikipedia.org/w/index.php?title=Volkswagen_Nutzfahrzeuge&oldid=225730988,found_wikipedia,3371,2022,stated,Y,Volkswagen Września Sp. z.o.o. (Volkswagen Nutzfahrzeuge) | Września 3.371,llm_rev_de,llm,,revision,de,225730988,
PL_VWN_WRZESNIA,Poland,Volkswagen Group,Volkswagen Września Plant,Września,vw,2024,https://de.wikipedia.org/w/index.php?title=Volkswagen_Nutzfahrzeuge&oldid=251434373,WIKIPEDIA,2024-12-21T09:54:41Z,https://de.wikipedia.org/w/index.php?title=Volkswagen_Nutzfahrzeuge&oldid=251434373,found_wikipedia,3371,2024,stated,Y,Volkswagen Września Sp. z.o.o. (Volkswagen Nutzfahrzeuge) | Września 3.371,llm_rev_de,llm,,revision,de,251434373,
PL_VWN_WRZESNIA,Poland,Volkswagen Group,Volkswagen Września Plant,Września,vw,2025,https://de.wikipedia.org/w/index.php?title=Volkswagen_Nutzfahrzeuge&oldid=262754578,WIKIPEDIA,2025-12-26T21:16:31Z,https://de.wikipedia.org/w/index.php?title=Volkswagen_Nutzfahrzeuge&oldid=262754578,found_wikipedia,3371,2025,stated,Y,Volkswagen Września Sp. z.o.o. (Volkswagen Nutzfahrzeuge) | Września 3.371,llm_rev_de,llm,,revision,de,262754578,
